Plan ID,Rate Effective Date,Rate Expiration Date,Age,Tobacco,Rating Area ID,Individual Rate,Individual Tobacco Rate,Couple,Primary Subscriber and One Dependent,Primary Subscriber and Two Dependents,Primary Subscriber and Three Dependents,Couple and One Dependent,Couple and Two Dependents,Couple and Three Dependents,HIOS Issuer ID,Market Coverage
17933TX0010001,2024-01-01,2024-12-31,0-14,Tobacco User/Non-Tobacco User,Rating Area 3,296.00,296.00,,,,,,,,17933,Individual
17933TX0010001,2024-01-01,2024-12-31,15,Tobacco User/Non-Tobacco User,Rating Area 3,323.00,323.00,,,,,,,,17933,Individual
17933TX0010001,2024-01-01,2024-12-31,16,Tobacco User/Non-Tobacco User,Rating Area 3,333.00,333.00,,,,,,,,17933,Individual
17933TX0010001,2024-01-01,2024-12-31,17,Tobacco User/Non-Tobacco User,Rating Area 3,343.00,343.00,,,,,,,,17933,Individual
17933TX0010001,2024-01-01,2024-12-31,18,Tobacco User/Non-Tobacco User,Rating Area 3,354.00,354.00,,,,,,,,17933,Individual
17933TX0010001,2024-01-01,2024-12-31,19,Tobacco User/Non-Tobacco User,Rating Area 3,365.00,365.00,,,,,,,,17933,Individual
17933TX0010001,2024-01-01,2024-12-31,20,Tobacco User/Non-Tobacco User,Rating Area 3,376.00,376.00,,,,,,,,17933,Individual
17933TX0010001,2024-01-01,2024-12-31,21,Tobacco User/Non-Tobacco User,Rating Area 3,388.00,446.00,,,,,,,,17933,Individual
17933TX0010001,2024-01-01,2024-12-31,22,Tobacco User/Non-Tobacco User,Rating Area 3,388.00,446.00,,,,,,,,17933,Individual
17933TX0010001,2024-01-01,2024-12-31,23,Tobacco User/Non-Tobacco User,Rating Area 3,388.00,446.00,,,,,,,,17933,Individual
17933TX0010001,2024-01-01,2024-12-31,24,Tobacco User/Non-Tobacco User,Rating Area 3,388.00,446.00,,,,,,,,17933,Individual
17933TX0010001,2024-01-01,2024-12-31,25,Tobacco User/Non-Tobacco User,Rating Area 3,389.00,447.00,,,,,,,,17933,Individual
17933TX0010001,2024-01-01,2024-12-31,26,Tobacco User/Non-Tobacco User,Rating Area 3,397.00,456.00,,,,,,,,17933,Individual
17933TX0010001,2024-01-01,2024-12-31,27,Tobacco User/Non-Tobacco User,Rating Area 3,406.00,466.00,,,,,,,,17933,Individual
17933TX0010001,2024-01-01,2024-12-31,28,Tobacco User/Non-Tobacco User,Rating Area 3,421.00,484.00,,,,,,,,17933,Individual
17933TX0010001,2024-01-01,2024-12-31,29,Tobacco User/Non-Tobacco User,Rating Area 3,434.00,499.00,,,,,,,,17933,Individual
17933TX0010001,2024-01-01,2024-12-31,30,Tobacco User/Non-Tobacco User,Rating Area 3,440.00,506.00,,,,,,,,17933,Individual
17933TX0010001,2024-01-01,2024-12-31,31,Tobacco User/Non-Tobacco User,Rating Area 3,449.00,516.00,,,,,,,,17933,Individual
17933TX0010001,2024-01-01,2024-12-31,32,Tobacco User/Non-Tobacco User,Rating Area 3,458.00,526.00,,,,,,,,17933,Individual
17933TX0010001,2024-01-01,2024-12-31,33,Tobacco User/Non-Tobacco User,Rating Area 3,464.00,533.00,,,,,,,,17933,Individual
17933TX0010001,2024-01-01,2024-12-31,34,Tobacco User/Non-Tobacco User,Rating Area 3,470.00,540.00,,,,,,,,17933,Individual
17933TX0010001,2024-01-01,2024-12-31,35,Tobacco User/Non-Tobacco User,Rating Area 3,474.00,545.00,,,,,,,,17933,Individual
17933TX0010001,2024-01-01,2024-12-31,36,Tobacco User/Non-Tobacco User,Rating Area 3,477.00,548.00,,,,,,,,17933,Individual
17933TX0010001,2024-01-01,2024-12-31,37,Tobacco User/Non-Tobacco User,Rating Area 3,480.00,552.00,,,,,,,,17933,Individual
17933TX0010001,2024-01-01,2024-12-31,38,Tobacco User/Non-Tobacco User,Rating Area 3,483.00,555.00,,,,,,,,17933,Individual
17933TX0010001,2024-01-01,2024-12-31,39,Tobacco User/Non-Tobacco User,Rating Area 3,489.00,562.00,,,,,,,,17933,Individual
17933TX0010001,2024-01-01,2024-12-31,40,Tobacco User/Non-Tobacco User,Rating Area 3,495.00,569.00,,,,,,,,17933,Individual
17933TX0010001,2024-01-01,2024-12-31,41,Tobacco User/Non-Tobacco User,Rating Area 3,505.00,580.00,,,,,,,,17933,Individual
17933TX0010001,2024-01-01,2024-12-31,42,Tobacco User/Non-Tobacco User,Rating Area 3,514.00,591.00,,,,,,,,17933,Individual
17933TX0010001,2024-01-01,2024-12-31,43,Tobacco User/Non-Tobacco User,Rating Area 3,526.00,604.00,,,,,,,,17933,Individual
17933TX0010001,2024-01-01,2024-12-31,44,Tobacco User/Non-Tobacco User,Rating Area 3,541.00,622.00,,,,,,,,17933,Individual
17933TX0010001,2024-01-01,2024-12-31,45,Tobacco User/Non-Tobacco User,Rating Area 3,560.00,644.00,,,,,,,,17933,Individual
17933TX0010001,2024-01-01,2024-12-31,46,Tobacco User/Non-Tobacco User,Rating Area 3,581.00,668.00,,,,,,,,17933,Individual
17933TX0010001,2024-01-01,2024-12-31,47,Tobacco User/Non-Tobacco User,Rating Area 3,606.00,696.00,,,,,,,,17933,Individual
17933TX0010001,2024-01-01,2024-12-31,48,Tobacco User/Non-Tobacco User,Rating Area 3,634.00,729.00,,,,,,,,17933,Individual
17933TX0010001,2024-01-01,2024-12-31,49,Tobacco User/Non-Tobacco User,Rating Area 3,661.00,760.00,,,,,,,,17933,Individual
17933TX0010001,2024-01-01,2024-12-31,50,Tobacco User/Non-Tobacco User,Rating Area 3,692.00,795.00,,,,,,,,17933,Individual
17933TX0010001,2024-01-01,2024-12-31,51,Tobacco User/Non-Tobacco User,Rating Area 3,723.00,831.00,,,,,,,,17933,Individual
17933TX0010001,2024-01-01,2024-12-31,52,Tobacco User/Non-Tobacco User,Rating Area 3,756.00,869.00,,,,,,,,17933,Individual
17933TX0010001,2024-01-01,2024-12-31,53,Tobacco User/Non-Tobacco User,Rating Area 3,791.00,909.00,,,,,,,,17933,Individual
17933TX0010001,2024-01-01,2024-12-31,54,Tobacco User/Non-Tobacco User,Rating Area 3,827.00,951.00,,,,,,,,17933,Individual
17933TX0010001,2024-01-01,2024-12-31,55,Tobacco User/Non-Tobacco User,Rating Area 3,864.00,993.00,,,,,,,,17933,Individual
17933TX0010001,2024-01-01,2024-12-31,56,Tobacco User/Non-Tobacco User,Rating Area 3,904.00,1039.00,,,,,,,,17933,Individual
17933TX0010001,2024-01-01,2024-12-31,57,Tobacco User/Non-Tobacco User,Rating Area 3,944.00,1085.00,,,,,,,,17933,Individual
17933TX0010001,2024-01-01,2024-12-31,58,Tobacco User/Non-Tobacco User,Rating Area 3,987.00,1135.00,,,,,,,,17933,Individual
17933TX0010001,2024-01-01,2024-12-31,59,Tobacco User/Non-Tobacco User,Rating Area 3,1009.00,1160.00,,,,,,,,17933,Individual
17933TX0010001,2024-01-01,2024-12-31,60,Tobacco User/Non-Tobacco User,Rating Area 3,1052.00,1209.00,,,,,,,,17933,Individual
17933TX0010001,2024-01-01,2024-12-31,61,Tobacco User/Non-Tobacco User,Rating Area 3,1089.00,1252.00,,,,,,,,17933,Individual
17933TX0010001,2024-01-01,2024-12-31,62,Tobacco User/Non-Tobacco User,Rating Area 3,1113.00,1279.00,,,,,,,,17933,Individual
17933TX0010001,2024-01-01,2024-12-31,63,Tobacco User/Non-Tobacco User,Rating Area 3,1144.00,1315.00,,,,,,,,17933,Individual
17933TX0010001,2024-01-01,2024-12-31,64 and over,Tobacco User/Non-Tobacco User,Rating Area 3,1163.00,1337.00,,,,,,,,17933,Individual
17933TX0010002,2024-01-01,2024-12-31,0-14,Tobacco User/Non-Tobacco User,Rating Area 3,298.00,298.00,,,,,,,,17933,Individual
17933TX0010002,2024-01-01,2024-12-31,15,Tobacco User/Non-Tobacco User,Rating Area 3,324.00,324.00,,,,,,,,17933,Individual
17933TX0010002,2024-01-01,2024-12-31,16,Tobacco User/Non-Tobacco User,Rating Area 3,334.00,334.00,,,,,,,,17933,Individual
17933TX0010002,2024-01-01,2024-12-31,17,Tobacco User/Non-Tobacco User,Rating Area 3,344.00,344.00,,,,,,,,17933,Individual
17933TX0010002,2024-01-01,2024-12-31,18,Tobacco User/Non-Tobacco User,Rating Area 3,355.00,355.00,,,,,,,,17933,Individual
17933TX0010002,2024-01-01,2024-12-31,19,Tobacco User/Non-Tobacco User,Rating Area 3,366.00,366.00,,,,,,,,17933,Individual
17933TX0010002,2024-01-01,2024-12-31,20,Tobacco User/Non-Tobacco User,Rating Area 3,377.00,377.00,,,,,,,,17933,Individual
17933TX0010002,2024-01-01,2024-12-31,21,Tobacco User/Non-Tobacco User,Rating Area 3,389.00,447.00,,,,,,,,17933,Individual
17933TX0010002,2024-01-01,2024-12-31,22,Tobacco User/Non-Tobacco User,Rating Area 3,389.00,447.00,,,,,,,,17933,Individual
17933TX0010002,2024-01-01,2024-12-31,23,Tobacco User/Non-Tobacco User,Rating Area 3,389.00,447.00,,,,,,,,17933,Individual
17933TX0010002,2024-01-01,2024-12-31,24,Tobacco User/Non-Tobacco User,Rating Area 3,389.00,447.00,,,,,,,,17933,Individual
17933TX0010002,2024-01-01,2024-12-31,25,Tobacco User/Non-Tobacco User,Rating Area 3,391.00,449.00,,,,,,,,17933,Individual
17933TX0010002,2024-01-01,2024-12-31,26,Tobacco User/Non-Tobacco User,Rating Area 3,398.00,457.00,,,,,,,,17933,Individual
17933TX0010002,2024-01-01,2024-12-31,27,Tobacco User/Non-Tobacco User,Rating Area 3,408.00,469.00,,,,,,,,17933,Individual
17933TX0010002,2024-01-01,2024-12-31,28,Tobacco User/Non-Tobacco User,Rating Area 3,423.00,486.00,,,,,,,,17933,Individual
17933TX0010002,2024-01-01,2024-12-31,29,Tobacco User/Non-Tobacco User,Rating Area 3,435.00,500.00,,,,,,,,17933,Individual
17933TX0010002,2024-01-01,2024-12-31,30,Tobacco User/Non-Tobacco User,Rating Area 3,442.00,508.00,,,,,,,,17933,Individual
17933TX0010002,2024-01-01,2024-12-31,31,Tobacco User/Non-Tobacco User,Rating Area 3,451.00,518.00,,,,,,,,17933,Individual
17933TX0010002,2024-01-01,2024-12-31,32,Tobacco User/Non-Tobacco User,Rating Area 3,460.00,529.00,,,,,,,,17933,Individual
17933TX0010002,2024-01-01,2024-12-31,33,Tobacco User/Non-Tobacco User,Rating Area 3,466.00,535.00,,,,,,,,17933,Individual
17933TX0010002,2024-01-01,2024-12-31,34,Tobacco User/Non-Tobacco User,Rating Area 3,472.00,542.00,,,,,,,,17933,Individual
17933TX0010002,2024-01-01,2024-12-31,35,Tobacco User/Non-Tobacco User,Rating Area 3,475.00,546.00,,,,,,,,17933,Individual
17933TX0010002,2024-01-01,2024-12-31,36,Tobacco User/Non-Tobacco User,Rating Area 3,478.00,549.00,,,,,,,,17933,Individual
17933TX0010002,2024-01-01,2024-12-31,37,Tobacco User/Non-Tobacco User,Rating Area 3,482.00,554.00,,,,,,,,17933,Individual
17933TX0010002,2024-01-01,2024-12-31,38,Tobacco User/Non-Tobacco User,Rating Area 3,485.00,557.00,,,,,,,,17933,Individual
17933TX0010002,2024-01-01,2024-12-31,39,Tobacco User/Non-Tobacco User,Rating Area 3,491.00,564.00,,,,,,,,17933,Individual
17933TX0010002,2024-01-01,2024-12-31,40,Tobacco User/Non-Tobacco User,Rating Area 3,497.00,571.00,,,,,,,,17933,Individual
17933TX0010002,2024-01-01,2024-12-31,41,Tobacco User/Non-Tobacco User,Rating Area 3,506.00,581.00,,,,,,,,17933,Individual
17933TX0010002,2024-01-01,2024-12-31,42,Tobacco User/Non-Tobacco User,Rating Area 3,515.00,592.00,,,,,,,,17933,Individual
17933TX0010002,2024-01-01,2024-12-31,43,Tobacco User/Non-Tobacco User,Rating Area 3,528.00,607.00,,,,,,,,17933,Individual
17933TX0010002,2024-01-01,2024-12-31,44,Tobacco User/Non-Tobacco User,Rating Area 3,543.00,624.00,,,,,,,,17933,Individual
17933TX0010002,2024-01-01,2024-12-31,45,Tobacco User/Non-Tobacco User,Rating Area 3,562.00,646.00,,,,,,,,17933,Individual
17933TX0010002,2024-01-01,2024-12-31,46,Tobacco User/Non-Tobacco User,Rating Area 3,584.00,671.00,,,,,,,,17933,Individual
17933TX0010002,2024-01-01,2024-12-31,47,Tobacco User/Non-Tobacco User,Rating Area 3,608.00,699.00,,,,,,,,17933,Individual
17933TX0010002,2024-01-01,2024-12-31,48,Tobacco User/Non-Tobacco User,Rating Area 3,636.00,731.00,,,,,,,,17933,Individual
17933TX0010002,2024-01-01,2024-12-31,49,Tobacco User/Non-Tobacco User,Rating Area 3,664.00,763.00,,,,,,,,17933,Individual
17933TX0010002,2024-01-01,2024-12-31,50,Tobacco User/Non-Tobacco User,Rating Area 3,695.00,799.00,,,,,,,,17933,Individual
17933TX0010002,2024-01-01,2024-12-31,51,Tobacco User/Non-Tobacco User,Rating Area 3,726.00,834.00,,,,,,,,17933,Individual
17933TX0010002,2024-01-01,2024-12-31,52,Tobacco User/Non-Tobacco User,Rating Area 3,759.00,872.00,,,,,,,,17933,Individual
17933TX0010002,2024-01-01,2024-12-31,53,Tobacco User/Non-Tobacco User,Rating Area 3,794.00,913.00,,,,,,,,17933,Individual
17933TX0010002,2024-01-01,2024-12-31,54,Tobacco User/Non-Tobacco User,Rating Area 3,831.00,955.00,,,,,,,,17933,Individual
17933TX0010002,2024-01-01,2024-12-31,55,Tobacco User/Non-Tobacco User,Rating Area 3,867.00,997.00,,,,,,,,17933,Individual
17933TX0010002,2024-01-01,2024-12-31,56,Tobacco User/Non-Tobacco User,Rating Area 3,908.00,1044.00,,,,,,,,17933,Individual
17933TX0010002,2024-01-01,2024-12-31,57,Tobacco User/Non-Tobacco User,Rating Area 3,948.00,1090.00,,,,,,,,17933,Individual
17933TX0010002,2024-01-01,2024-12-31,58,Tobacco User/Non-Tobacco User,Rating Area 3,991.00,1139.00,,,,,,,,17933,Individual
17933TX0010002,2024-01-01,2024-12-31,59,Tobacco User/Non-Tobacco User,Rating Area 3,1013.00,1164.00,,,,,,,,17933,Individual
17933TX0010002,2024-01-01,2024-12-31,60,Tobacco User/Non-Tobacco User,Rating Area 3,1056.00,1214.00,,,,,,,,17933,Individual
17933TX0010002,2024-01-01,2024-12-31,61,Tobacco User/Non-Tobacco User,Rating Area 3,1093.00,1256.00,,,,,,,,17933,Individual
17933TX0010002,2024-01-01,2024-12-31,62,Tobacco User/Non-Tobacco User,Rating Area 3,1118.00,1285.00,,,,,,,,17933,Individual
17933TX0010002,2024-01-01,2024-12-31,63,Tobacco User/Non-Tobacco User,Rating Area 3,1148.00,1320.00,,,,,,,,17933,Individual
17933TX0010002,2024-01-01,2024-12-31,64 and over,Tobacco User/Non-Tobacco User,Rating Area 3,1167.00,1342.00,,,,,,,,17933,Individual
17933TX0010003,2024-01-01,2024-12-31,0-14,Tobacco User/Non-Tobacco User,Rating Area 3,342.00,342.00,,,,,,,,17933,Individual
17933TX0010003,2024-01-01,2024-12-31,15,Tobacco User/Non-Tobacco User,Rating Area 3,373.00,373.00,,,,,,,,17933,Individual
17933TX0010003,2024-01-01,2024-12-31,16,Tobacco User/Non-Tobacco User,Rating Area 3,384.00,384.00,,,,,,,,17933,Individual
17933TX0010003,2024-01-01,2024-12-31,17,Tobacco User/Non-Tobacco User,Rating Area 3,396.00,396.00,,,,,,,,17933,Individual
17933TX0010003,2024-01-01,2024-12-31,18,Tobacco User/Non-Tobacco User,Rating Area 3,408.00,408.00,,,,,,,,17933,Individual
17933TX0010003,2024-01-01,2024-12-31,19,Tobacco User/Non-Tobacco User,Rating Area 3,421.00,421.00,,,,,,,,17933,Individual
17933TX0010003,2024-01-01,2024-12-31,20,Tobacco User/Non-Tobacco User,Rating Area 3,434.00,434.00,,,,,,,,17933,Individual
17933TX0010003,2024-01-01,2024-12-31,21,Tobacco User/Non-Tobacco User,Rating Area 3,447.00,514.00,,,,,,,,17933,Individual
17933TX0010003,2024-01-01,2024-12-31,22,Tobacco User/Non-Tobacco User,Rating Area 3,447.00,514.00,,,,,,,,17933,Individual
17933TX0010003,2024-01-01,2024-12-31,23,Tobacco User/Non-Tobacco User,Rating Area 3,447.00,514.00,,,,,,,,17933,Individual
17933TX0010003,2024-01-01,2024-12-31,24,Tobacco User/Non-Tobacco User,Rating Area 3,447.00,514.00,,,,,,,,17933,Individual
17933TX0010003,2024-01-01,2024-12-31,25,Tobacco User/Non-Tobacco User,Rating Area 3,449.00,516.00,,,,,,,,17933,Individual
17933TX0010003,2024-01-01,2024-12-31,26,Tobacco User/Non-Tobacco User,Rating Area 3,458.00,526.00,,,,,,,,17933,Individual
17933TX0010003,2024-01-01,2024-12-31,27,Tobacco User/Non-Tobacco User,Rating Area 3,469.00,539.00,,,,,,,,17933,Individual
17933TX0010003,2024-01-01,2024-12-31,28,Tobacco User/Non-Tobacco User,Rating Area 3,486.00,558.00,,,,,,,,17933,Individual
17933TX0010003,2024-01-01,2024-12-31,29,Tobacco User/Non-Tobacco User,Rating Area 3,500.00,575.00,,,,,,,,17933,Individual
17933TX0010003,2024-01-01,2024-12-31,30,Tobacco User/Non-Tobacco User,Rating Area 3,508.00,584.00,,,,,,,,17933,Individual
17933TX0010003,2024-01-01,2024-12-31,31,Tobacco User/Non-Tobacco User,Rating Area 3,518.00,595.00,,,,,,,,17933,Individual
17933TX0010003,2024-01-01,2024-12-31,32,Tobacco User/Non-Tobacco User,Rating Area 3,529.00,608.00,,,,,,,,17933,Individual
17933TX0010003,2024-01-01,2024-12-31,33,Tobacco User/Non-Tobacco User,Rating Area 3,536.00,616.00,,,,,,,,17933,Individual
17933TX0010003,2024-01-01,2024-12-31,34,Tobacco User/Non-Tobacco User,Rating Area 3,543.00,624.00,,,,,,,,17933,Individual
17933TX0010003,2024-01-01,2024-12-31,35,Tobacco User/Non-Tobacco User,Rating Area 3,546.00,627.00,,,,,,,,17933,Individual
17933TX0010003,2024-01-01,2024-12-31,36,Tobacco User/Non-Tobacco User,Rating Area 3,550.00,632.00,,,,,,,,17933,Individual
17933TX0010003,2024-01-01,2024-12-31,37,Tobacco User/Non-Tobacco User,Rating Area 3,554.00,637.00,,,,,,,,17933,Individual
17933TX0010003,2024-01-01,2024-12-31,38,Tobacco User/Non-Tobacco User,Rating Area 3,557.00,640.00,,,,,,,,17933,Individual
17933TX0010003,2024-01-01,2024-12-31,39,Tobacco User/Non-Tobacco User,Rating Area 3,564.00,648.00,,,,,,,,17933,Individual
17933TX0010003,2024-01-01,2024-12-31,40,Tobacco User/Non-Tobacco User,Rating Area 3,572.00,657.00,,,,,,,,17933,Individual
17933TX0010003,2024-01-01,2024-12-31,41,Tobacco User/Non-Tobacco User,Rating Area 3,582.00,669.00,,,,,,,,17933,Individual
17933TX0010003,2024-01-01,2024-12-31,42,Tobacco User/Non-Tobacco User,Rating Area 3,593.00,681.00,,,,,,,,17933,Individual
17933TX0010003,2024-01-01,2024-12-31,43,Tobacco User/Non-Tobacco User,Rating Area 3,607.00,698.00,,,,,,,,17933,Individual
17933TX0010003,2024-01-01,2024-12-31,44,Tobacco User/Non-Tobacco User,Rating Area 3,625.00,718.00,,,,,,,,17933,Individual
17933TX0010003,2024-01-01,2024-12-31,45,Tobacco User/Non-Tobacco User,Rating Area 3,646.00,742.00,,,,,,,,17933,Individual
17933TX0010003,2024-01-01,2024-12-31,46,Tobacco User/Non-Tobacco User,Rating Area 3,671.00,771.00,,,,,,,,17933,Individual
17933TX0010003,2024-01-01,2024-12-31,47,Tobacco User/Non-Tobacco User,Rating Area 3,699.00,803.00,,,,,,,,17933,Individual
17933TX0010003,2024-01-01,2024-12-31,48,Tobacco User/Non-Tobacco User,Rating Area 3,731.00,840.00,,,,,,,,17933,Individual
17933TX0010003,2024-01-01,2024-12-31,49,Tobacco User/Non-Tobacco User,Rating Area 3,763.00,877.00,,,,,,,,17933,Individual
17933TX0010003,2024-01-01,2024-12-31,50,Tobacco User/Non-Tobacco User,Rating Area 3,799.00,918.00,,,,,,,,17933,Individual
17933TX0010003,2024-01-01,2024-12-31,51,Tobacco User/Non-Tobacco User,Rating Area 3,834.00,959.00,,,,,,,,17933,Individual
17933TX0010003,2024-01-01,2024-12-31,52,Tobacco User/Non-Tobacco User,Rating Area 3,873.00,1003.00,,,,,,,,17933,Individual
17933TX0010003,2024-01-01,2024-12-31,53,Tobacco User/Non-Tobacco User,Rating Area 3,912.00,1048.00,,,,,,,,17933,Individual
17933TX0010003,2024-01-01,2024-12-31,54,Tobacco User/Non-Tobacco User,Rating Area 3,955.00,1098.00,,,,,,,,17933,Individual
17933TX0010003,2024-01-01,2024-12-31,55,Tobacco User/Non-Tobacco User,Rating Area 3,997.00,1146.00,,,,,,,,17933,Individual
17933TX0010003,2024-01-01,2024-12-31,56,Tobacco User/Non-Tobacco User,Rating Area 3,1043.00,1199.00,,,,,,,,17933,Individual
17933TX0010003,2024-01-01,2024-12-31,57,Tobacco User/Non-Tobacco User,Rating Area 3,1090.00,1253.00,,,,,,,,17933,Individual
17933TX0010003,2024-01-01,2024-12-31,58,Tobacco User/Non-Tobacco User,Rating Area 3,1139.00,1309.00,,,,,,,,17933,Individual
17933TX0010003,2024-01-01,2024-12-31,59,Tobacco User/Non-Tobacco User,Rating Area 3,1164.00,1338.00,,,,,,,,17933,Individual
17933TX0010003,2024-01-01,2024-12-31,60,Tobacco User/Non-Tobacco User,Rating Area 3,1214.00,1396.00,,,,,,,,17933,Individual
17933TX0010003,2024-01-01,2024-12-31,61,Tobacco User/Non-Tobacco User,Rating Area 3,1257.00,1445.00,,,,,,,,17933,Individual
17933TX0010003,2024-01-01,2024-12-31,62,Tobacco User/Non-Tobacco User,Rating Area 3,1285.00,1477.00,,,,,,,,17933,Individual
17933TX0010003,2024-01-01,2024-12-31,63,Tobacco User/Non-Tobacco User,Rating Area 3,1320.00,1518.00,,,,,,,,17933,Individual
17933TX0010003,2024-01-01,2024-12-31,64 and over,Tobacco User/Non-Tobacco User,Rating Area 3,1341.00,1542.00,,,,,,,,17933,Individual
17933TX0010004,2024-01-01,2024-12-31,0-14,Tobacco User/Non-Tobacco User,Rating Area 3,341.00,341.00,,,,,,,,17933,Individual
17933TX0010004,2024-01-01,2024-12-31,15,Tobacco User/Non-Tobacco User,Rating Area 3,371.00,371.00,,,,,,,,17933,Individual
17933TX0010004,2024-01-01,2024-12-31,16,Tobacco User/Non-Tobacco User,Rating Area 3,382.00,382.00,,,,,,,,17933,Individual
17933TX0010004,2024-01-01,2024-12-31,17,Tobacco User/Non-Tobacco User,Rating Area 3,394.00,394.00,,,,,,,,17933,Individual
17933TX0010004,2024-01-01,2024-12-31,18,Tobacco User/Non-Tobacco User,Rating Area 3,407.00,407.00,,,,,,,,17933,Individual
17933TX0010004,2024-01-01,2024-12-31,19,Tobacco User/Non-Tobacco User,Rating Area 3,419.00,419.00,,,,,,,,17933,Individual
17933TX0010004,2024-01-01,2024-12-31,20,Tobacco User/Non-Tobacco User,Rating Area 3,432.00,432.00,,,,,,,,17933,Individual
17933TX0010004,2024-01-01,2024-12-31,21,Tobacco User/Non-Tobacco User,Rating Area 3,445.00,511.00,,,,,,,,17933,Individual
17933TX0010004,2024-01-01,2024-12-31,22,Tobacco User/Non-Tobacco User,Rating Area 3,445.00,511.00,,,,,,,,17933,Individual
17933TX0010004,2024-01-01,2024-12-31,23,Tobacco User/Non-Tobacco User,Rating Area 3,445.00,511.00,,,,,,,,17933,Individual
17933TX0010004,2024-01-01,2024-12-31,24,Tobacco User/Non-Tobacco User,Rating Area 3,445.00,511.00,,,,,,,,17933,Individual
17933TX0010004,2024-01-01,2024-12-31,25,Tobacco User/Non-Tobacco User,Rating Area 3,447.00,514.00,,,,,,,,17933,Individual
17933TX0010004,2024-01-01,2024-12-31,26,Tobacco User/Non-Tobacco User,Rating Area 3,456.00,524.00,,,,,,,,17933,Individual
17933TX0010004,2024-01-01,2024-12-31,27,Tobacco User/Non-Tobacco User,Rating Area 3,467.00,537.00,,,,,,,,17933,Individual
17933TX0010004,2024-01-01,2024-12-31,28,Tobacco User/Non-Tobacco User,Rating Area 3,484.00,556.00,,,,,,,,17933,Individual
17933TX0010004,2024-01-01,2024-12-31,29,Tobacco User/Non-Tobacco User,Rating Area 3,498.00,572.00,,,,,,,,17933,Individual
17933TX0010004,2024-01-01,2024-12-31,30,Tobacco User/Non-Tobacco User,Rating Area 3,505.00,580.00,,,,,,,,17933,Individual
17933TX0010004,2024-01-01,2024-12-31,31,Tobacco User/Non-Tobacco User,Rating Area 3,516.00,593.00,,,,,,,,17933,Individual
17933TX0010004,2024-01-01,2024-12-31,32,Tobacco User/Non-Tobacco User,Rating Area 3,527.00,606.00,,,,,,,,17933,Individual
17933TX0010004,2024-01-01,2024-12-31,33,Tobacco User/Non-Tobacco User,Rating Area 3,533.00,612.00,,,,,,,,17933,Individual
17933TX0010004,2024-01-01,2024-12-31,34,Tobacco User/Non-Tobacco User,Rating Area 3,541.00,622.00,,,,,,,,17933,Individual
17933TX0010004,2024-01-01,2024-12-31,35,Tobacco User/Non-Tobacco User,Rating Area 3,544.00,625.00,,,,,,,,17933,Individual
17933TX0010004,2024-01-01,2024-12-31,36,Tobacco User/Non-Tobacco User,Rating Area 3,548.00,630.00,,,,,,,,17933,Individual
17933TX0010004,2024-01-01,2024-12-31,37,Tobacco User/Non-Tobacco User,Rating Area 3,551.00,633.00,,,,,,,,17933,Individual
17933TX0010004,2024-01-01,2024-12-31,38,Tobacco User/Non-Tobacco User,Rating Area 3,555.00,638.00,,,,,,,,17933,Individual
17933TX0010004,2024-01-01,2024-12-31,39,Tobacco User/Non-Tobacco User,Rating Area 3,562.00,646.00,,,,,,,,17933,Individual
17933TX0010004,2024-01-01,2024-12-31,40,Tobacco User/Non-Tobacco User,Rating Area 3,569.00,654.00,,,,,,,,17933,Individual
17933TX0010004,2024-01-01,2024-12-31,41,Tobacco User/Non-Tobacco User,Rating Area 3,580.00,667.00,,,,,,,,17933,Individual
17933TX0010004,2024-01-01,2024-12-31,42,Tobacco User/Non-Tobacco User,Rating Area 3,590.00,678.00,,,,,,,,17933,Individual
17933TX0010004,2024-01-01,2024-12-31,43,Tobacco User/Non-Tobacco User,Rating Area 3,604.00,694.00,,,,,,,,17933,Individual
17933TX0010004,2024-01-01,2024-12-31,44,Tobacco User/Non-Tobacco User,Rating Area 3,622.00,715.00,,,,,,,,17933,Individual
17933TX0010004,2024-01-01,2024-12-31,45,Tobacco User/Non-Tobacco User,Rating Area 3,643.00,739.00,,,,,,,,17933,Individual
17933TX0010004,2024-01-01,2024-12-31,46,Tobacco User/Non-Tobacco User,Rating Area 3,668.00,768.00,,,,,,,,17933,Individual
17933TX0010004,2024-01-01,2024-12-31,47,Tobacco User/Non-Tobacco User,Rating Area 3,696.00,800.00,,,,,,,,17933,Individual
17933TX0010004,2024-01-01,2024-12-31,48,Tobacco User/Non-Tobacco User,Rating Area 3,728.00,837.00,,,,,,,,17933,Individual
17933TX0010004,2024-01-01,2024-12-31,49,Tobacco User/Non-Tobacco User,Rating Area 3,760.00,874.00,,,,,,,,17933,Individual
17933TX0010004,2024-01-01,2024-12-31,50,Tobacco User/Non-Tobacco User,Rating Area 3,795.00,914.00,,,,,,,,17933,Individual
17933TX0010004,2024-01-01,2024-12-31,51,Tobacco User/Non-Tobacco User,Rating Area 3,830.00,954.00,,,,,,,,17933,Individual
17933TX0010004,2024-01-01,2024-12-31,52,Tobacco User/Non-Tobacco User,Rating Area 3,869.00,999.00,,,,,,,,17933,Individual
17933TX0010004,2024-01-01,2024-12-31,53,Tobacco User/Non-Tobacco User,Rating Area 3,908.00,1044.00,,,,,,,,17933,Individual
17933TX0010004,2024-01-01,2024-12-31,54,Tobacco User/Non-Tobacco User,Rating Area 3,951.00,1093.00,,,,,,,,17933,Individual
17933TX0010004,2024-01-01,2024-12-31,55,Tobacco User/Non-Tobacco User,Rating Area 3,993.00,1141.00,,,,,,,,17933,Individual
17933TX0010004,2024-01-01,2024-12-31,56,Tobacco User/Non-Tobacco User,Rating Area 3,1039.00,1194.00,,,,,,,,17933,Individual
17933TX0010004,2024-01-01,2024-12-31,57,Tobacco User/Non-Tobacco User,Rating Area 3,1085.00,1247.00,,,,,,,,17933,Individual
17933TX0010004,2024-01-01,2024-12-31,58,Tobacco User/Non-Tobacco User,Rating Area 3,1135.00,1305.00,,,,,,,,17933,Individual
17933TX0010004,2024-01-01,2024-12-31,59,Tobacco User/Non-Tobacco User,Rating Area 3,1159.00,1332.00,,,,,,,,17933,Individual
17933TX0010004,2024-01-01,2024-12-31,60,Tobacco User/Non-Tobacco User,Rating Area 3,1208.00,1389.00,,,,,,,,17933,Individual
17933TX0010004,2024-01-01,2024-12-31,61,Tobacco User/Non-Tobacco User,Rating Area 3,1251.00,1438.00,,,,,,,,17933,Individual
17933TX0010004,2024-01-01,2024-12-31,62,Tobacco User/Non-Tobacco User,Rating Area 3,1279.00,1470.00,,,,,,,,17933,Individual
17933TX0010004,2024-01-01,2024-12-31,63,Tobacco User/Non-Tobacco User,Rating Area 3,1314.00,1511.00,,,,,,,,17933,Individual
17933TX0010004,2024-01-01,2024-12-31,64 and over,Tobacco User/Non-Tobacco User,Rating Area 3,1335.00,1535.00,,,,,,,,17933,Individual
17933TX0010005,2024-01-01,2024-12-31,0-14,Tobacco User/Non-Tobacco User,Rating Area 3,344.00,344.00,,,,,,,,17933,Individual
17933TX0010005,2024-01-01,2024-12-31,15,Tobacco User/Non-Tobacco User,Rating Area 3,375.00,375.00,,,,,,,,17933,Individual
17933TX0010005,2024-01-01,2024-12-31,16,Tobacco User/Non-Tobacco User,Rating Area 3,386.00,386.00,,,,,,,,17933,Individual
17933TX0010005,2024-01-01,2024-12-31,17,Tobacco User/Non-Tobacco User,Rating Area 3,398.00,398.00,,,,,,,,17933,Individual
17933TX0010005,2024-01-01,2024-12-31,18,Tobacco User/Non-Tobacco User,Rating Area 3,411.00,411.00,,,,,,,,17933,Individual
17933TX0010005,2024-01-01,2024-12-31,19,Tobacco User/Non-Tobacco User,Rating Area 3,423.00,423.00,,,,,,,,17933,Individual
17933TX0010005,2024-01-01,2024-12-31,20,Tobacco User/Non-Tobacco User,Rating Area 3,436.00,436.00,,,,,,,,17933,Individual
17933TX0010005,2024-01-01,2024-12-31,21,Tobacco User/Non-Tobacco User,Rating Area 3,450.00,517.00,,,,,,,,17933,Individual
17933TX0010005,2024-01-01,2024-12-31,22,Tobacco User/Non-Tobacco User,Rating Area 3,450.00,517.00,,,,,,,,17933,Individual
17933TX0010005,2024-01-01,2024-12-31,23,Tobacco User/Non-Tobacco User,Rating Area 3,450.00,517.00,,,,,,,,17933,Individual
17933TX0010005,2024-01-01,2024-12-31,24,Tobacco User/Non-Tobacco User,Rating Area 3,450.00,517.00,,,,,,,,17933,Individual
17933TX0010005,2024-01-01,2024-12-31,25,Tobacco User/Non-Tobacco User,Rating Area 3,452.00,519.00,,,,,,,,17933,Individual
17933TX0010005,2024-01-01,2024-12-31,26,Tobacco User/Non-Tobacco User,Rating Area 3,461.00,530.00,,,,,,,,17933,Individual
17933TX0010005,2024-01-01,2024-12-31,27,Tobacco User/Non-Tobacco User,Rating Area 3,471.00,541.00,,,,,,,,17933,Individual
17933TX0010005,2024-01-01,2024-12-31,28,Tobacco User/Non-Tobacco User,Rating Area 3,489.00,562.00,,,,,,,,17933,Individual
17933TX0010005,2024-01-01,2024-12-31,29,Tobacco User/Non-Tobacco User,Rating Area 3,503.00,578.00,,,,,,,,17933,Individual
17933TX0010005,2024-01-01,2024-12-31,30,Tobacco User/Non-Tobacco User,Rating Area 3,510.00,586.00,,,,,,,,17933,Individual
17933TX0010005,2024-01-01,2024-12-31,31,Tobacco User/Non-Tobacco User,Rating Area 3,521.00,599.00,,,,,,,,17933,Individual
17933TX0010005,2024-01-01,2024-12-31,32,Tobacco User/Non-Tobacco User,Rating Area 3,532.00,611.00,,,,,,,,17933,Individual
17933TX0010005,2024-01-01,2024-12-31,33,Tobacco User/Non-Tobacco User,Rating Area 3,539.00,619.00,,,,,,,,17933,Individual
17933TX0010005,2024-01-01,2024-12-31,34,Tobacco User/Non-Tobacco User,Rating Area 3,546.00,627.00,,,,,,,,17933,Individual
17933TX0010005,2024-01-01,2024-12-31,35,Tobacco User/Non-Tobacco User,Rating Area 3,550.00,632.00,,,,,,,,17933,Individual
17933TX0010005,2024-01-01,2024-12-31,36,Tobacco User/Non-Tobacco User,Rating Area 3,553.00,635.00,,,,,,,,17933,Individual
17933TX0010005,2024-01-01,2024-12-31,37,Tobacco User/Non-Tobacco User,Rating Area 3,557.00,640.00,,,,,,,,17933,Individual
17933TX0010005,2024-01-01,2024-12-31,38,Tobacco User/Non-Tobacco User,Rating Area 3,560.00,644.00,,,,,,,,17933,Individual
17933TX0010005,2024-01-01,2024-12-31,39,Tobacco User/Non-Tobacco User,Rating Area 3,568.00,653.00,,,,,,,,17933,Individual
17933TX0010005,2024-01-01,2024-12-31,40,Tobacco User/Non-Tobacco User,Rating Area 3,575.00,661.00,,,,,,,,17933,Individual
17933TX0010005,2024-01-01,2024-12-31,41,Tobacco User/Non-Tobacco User,Rating Area 3,586.00,673.00,,,,,,,,17933,Individual
17933TX0010005,2024-01-01,2024-12-31,42,Tobacco User/Non-Tobacco User,Rating Area 3,596.00,685.00,,,,,,,,17933,Individual
17933TX0010005,2024-01-01,2024-12-31,43,Tobacco User/Non-Tobacco User,Rating Area 3,610.00,701.00,,,,,,,,17933,Individual
17933TX0010005,2024-01-01,2024-12-31,44,Tobacco User/Non-Tobacco User,Rating Area 3,628.00,722.00,,,,,,,,17933,Individual
17933TX0010005,2024-01-01,2024-12-31,45,Tobacco User/Non-Tobacco User,Rating Area 3,649.00,746.00,,,,,,,,17933,Individual
17933TX0010005,2024-01-01,2024-12-31,46,Tobacco User/Non-Tobacco User,Rating Area 3,675.00,776.00,,,,,,,,17933,Individual
17933TX0010005,2024-01-01,2024-12-31,47,Tobacco User/Non-Tobacco User,Rating Area 3,703.00,808.00,,,,,,,,17933,Individual
17933TX0010005,2024-01-01,2024-12-31,48,Tobacco User/Non-Tobacco User,Rating Area 3,735.00,845.00,,,,,,,,17933,Individual
17933TX0010005,2024-01-01,2024-12-31,49,Tobacco User/Non-Tobacco User,Rating Area 3,767.00,882.00,,,,,,,,17933,Individual
17933TX0010005,2024-01-01,2024-12-31,50,Tobacco User/Non-Tobacco User,Rating Area 3,803.00,923.00,,,,,,,,17933,Individual
17933TX0010005,2024-01-01,2024-12-31,51,Tobacco User/Non-Tobacco User,Rating Area 3,839.00,964.00,,,,,,,,17933,Individual
17933TX0010005,2024-01-01,2024-12-31,52,Tobacco User/Non-Tobacco User,Rating Area 3,878.00,1009.00,,,,,,,,17933,Individual
17933TX0010005,2024-01-01,2024-12-31,53,Tobacco User/Non-Tobacco User,Rating Area 3,917.00,1054.00,,,,,,,,17933,Individual
17933TX0010005,2024-01-01,2024-12-31,54,Tobacco User/Non-Tobacco User,Rating Area 3,960.00,1104.00,,,,,,,,17933,Individual
17933TX0010005,2024-01-01,2024-12-31,55,Tobacco User/Non-Tobacco User,Rating Area 3,1003.00,1153.00,,,,,,,,17933,Individual
17933TX0010005,2024-01-01,2024-12-31,56,Tobacco User/Non-Tobacco User,Rating Area 3,1049.00,1206.00,,,,,,,,17933,Individual
17933TX0010005,2024-01-01,2024-12-31,57,Tobacco User/Non-Tobacco User,Rating Area 3,1096.00,1260.00,,,,,,,,17933,Individual
17933TX0010005,2024-01-01,2024-12-31,58,Tobacco User/Non-Tobacco User,Rating Area 3,1146.00,1317.00,,,,,,,,17933,Individual
17933TX0010005,2024-01-01,2024-12-31,59,Tobacco User/Non-Tobacco User,Rating Area 3,1171.00,1346.00,,,,,,,,17933,Individual
17933TX0010005,2024-01-01,2024-12-31,60,Tobacco User/Non-Tobacco User,Rating Area 3,1221.00,1404.00,,,,,,,,17933,Individual
17933TX0010005,2024-01-01,2024-12-31,61,Tobacco User/Non-Tobacco User,Rating Area 3,1264.00,1453.00,,,,,,,,17933,Individual
17933TX0010005,2024-01-01,2024-12-31,62,Tobacco User/Non-Tobacco User,Rating Area 3,1292.00,1485.00,,,,,,,,17933,Individual
17933TX0010005,2024-01-01,2024-12-31,63,Tobacco User/Non-Tobacco User,Rating Area 3,1328.00,1527.00,,,,,,,,17933,Individual
17933TX0010005,2024-01-01,2024-12-31,64 and over,Tobacco User/Non-Tobacco User,Rating Area 3,1349.00,1551.00,,,,,,,,17933,Individual
17933TX0010006,2024-01-01,2024-12-31,0-14,Tobacco User/Non-Tobacco User,Rating Area 3,218.00,218.00,,,,,,,,17933,Individual
17933TX0010006,2024-01-01,2024-12-31,15,Tobacco User/Non-Tobacco User,Rating Area 3,238.00,238.00,,,,,,,,17933,Individual
17933TX0010006,2024-01-01,2024-12-31,16,Tobacco User/Non-Tobacco User,Rating Area 3,245.00,245.00,,,,,,,,17933,Individual
17933TX0010006,2024-01-01,2024-12-31,17,Tobacco User/Non-Tobacco User,Rating Area 3,252.00,252.00,,,,,,,,17933,Individual
17933TX0010006,2024-01-01,2024-12-31,18,Tobacco User/Non-Tobacco User,Rating Area 3,260.00,260.00,,,,,,,,17933,Individual
17933TX0010006,2024-01-01,2024-12-31,19,Tobacco User/Non-Tobacco User,Rating Area 3,268.00,268.00,,,,,,,,17933,Individual
17933TX0010006,2024-01-01,2024-12-31,20,Tobacco User/Non-Tobacco User,Rating Area 3,277.00,277.00,,,,,,,,17933,Individual
17933TX0010006,2024-01-01,2024-12-31,21,Tobacco User/Non-Tobacco User,Rating Area 3,285.00,327.00,,,,,,,,17933,Individual
17933TX0010006,2024-01-01,2024-12-31,22,Tobacco User/Non-Tobacco User,Rating Area 3,285.00,327.00,,,,,,,,17933,Individual
17933TX0010006,2024-01-01,2024-12-31,23,Tobacco User/Non-Tobacco User,Rating Area 3,285.00,327.00,,,,,,,,17933,Individual
17933TX0010006,2024-01-01,2024-12-31,24,Tobacco User/Non-Tobacco User,Rating Area 3,285.00,327.00,,,,,,,,17933,Individual
17933TX0010006,2024-01-01,2024-12-31,25,Tobacco User/Non-Tobacco User,Rating Area 3,286.00,328.00,,,,,,,,17933,Individual
17933TX0010006,2024-01-01,2024-12-31,26,Tobacco User/Non-Tobacco User,Rating Area 3,292.00,335.00,,,,,,,,17933,Individual
17933TX0010006,2024-01-01,2024-12-31,27,Tobacco User/Non-Tobacco User,Rating Area 3,299.00,343.00,,,,,,,,17933,Individual
17933TX0010006,2024-01-01,2024-12-31,28,Tobacco User/Non-Tobacco User,Rating Area 3,310.00,356.00,,,,,,,,17933,Individual
17933TX0010006,2024-01-01,2024-12-31,29,Tobacco User/Non-Tobacco User,Rating Area 3,319.00,366.00,,,,,,,,17933,Individual
17933TX0010006,2024-01-01,2024-12-31,30,Tobacco User/Non-Tobacco User,Rating Area 3,324.00,372.00,,,,,,,,17933,Individual
17933TX0010006,2024-01-01,2024-12-31,31,Tobacco User/Non-Tobacco User,Rating Area 3,331.00,380.00,,,,,,,,17933,Individual
17933TX0010006,2024-01-01,2024-12-31,32,Tobacco User/Non-Tobacco User,Rating Area 3,337.00,387.00,,,,,,,,17933,Individual
17933TX0010006,2024-01-01,2024-12-31,33,Tobacco User/Non-Tobacco User,Rating Area 3,342.00,393.00,,,,,,,,17933,Individual
17933TX0010006,2024-01-01,2024-12-31,34,Tobacco User/Non-Tobacco User,Rating Area 3,346.00,397.00,,,,,,,,17933,Individual
17933TX0010006,2024-01-01,2024-12-31,35,Tobacco User/Non-Tobacco User,Rating Area 3,349.00,401.00,,,,,,,,17933,Individual
17933TX0010006,2024-01-01,2024-12-31,36,Tobacco User/Non-Tobacco User,Rating Area 3,351.00,403.00,,,,,,,,17933,Individual
17933TX0010006,2024-01-01,2024-12-31,37,Tobacco User/Non-Tobacco User,Rating Area 3,353.00,405.00,,,,,,,,17933,Individual
17933TX0010006,2024-01-01,2024-12-31,38,Tobacco User/Non-Tobacco User,Rating Area 3,355.00,408.00,,,,,,,,17933,Individual
17933TX0010006,2024-01-01,2024-12-31,39,Tobacco User/Non-Tobacco User,Rating Area 3,360.00,414.00,,,,,,,,17933,Individual
17933TX0010006,2024-01-01,2024-12-31,40,Tobacco User/Non-Tobacco User,Rating Area 3,365.00,419.00,,,,,,,,17933,Individual
17933TX0010006,2024-01-01,2024-12-31,41,Tobacco User/Non-Tobacco User,Rating Area 3,371.00,426.00,,,,,,,,17933,Individual
17933TX0010006,2024-01-01,2024-12-31,42,Tobacco User/Non-Tobacco User,Rating Area 3,378.00,434.00,,,,,,,,17933,Individual
17933TX0010006,2024-01-01,2024-12-31,43,Tobacco User/Non-Tobacco User,Rating Area 3,387.00,445.00,,,,,,,,17933,Individual
17933TX0010006,2024-01-01,2024-12-31,44,Tobacco User/Non-Tobacco User,Rating Area 3,398.00,457.00,,,,,,,,17933,Individual
17933TX0010006,2024-01-01,2024-12-31,45,Tobacco User/Non-Tobacco User,Rating Area 3,412.00,473.00,,,,,,,,17933,Individual
17933TX0010006,2024-01-01,2024-12-31,46,Tobacco User/Non-Tobacco User,Rating Area 3,428.00,492.00,,,,,,,,17933,Individual
17933TX0010006,2024-01-01,2024-12-31,47,Tobacco User/Non-Tobacco User,Rating Area 3,446.00,512.00,,,,,,,,17933,Individual
17933TX0010006,2024-01-01,2024-12-31,48,Tobacco User/Non-Tobacco User,Rating Area 3,466.00,535.00,,,,,,,,17933,Individual
17933TX0010006,2024-01-01,2024-12-31,49,Tobacco User/Non-Tobacco User,Rating Area 3,487.00,560.00,,,,,,,,17933,Individual
17933TX0010006,2024-01-01,2024-12-31,50,Tobacco User/Non-Tobacco User,Rating Area 3,509.00,585.00,,,,,,,,17933,Individual
17933TX0010006,2024-01-01,2024-12-31,51,Tobacco User/Non-Tobacco User,Rating Area 3,532.00,611.00,,,,,,,,17933,Individual
17933TX0010006,2024-01-01,2024-12-31,52,Tobacco User/Non-Tobacco User,Rating Area 3,557.00,640.00,,,,,,,,17933,Individual
17933TX0010006,2024-01-01,2024-12-31,53,Tobacco User/Non-Tobacco User,Rating Area 3,582.00,669.00,,,,,,,,17933,Individual
17933TX0010006,2024-01-01,2024-12-31,54,Tobacco User/Non-Tobacco User,Rating Area 3,609.00,700.00,,,,,,,,17933,Individual
17933TX0010006,2024-01-01,2024-12-31,55,Tobacco User/Non-Tobacco User,Rating Area 3,636.00,731.00,,,,,,,,17933,Individual
17933TX0010006,2024-01-01,2024-12-31,56,Tobacco User/Non-Tobacco User,Rating Area 3,665.00,764.00,,,,,,,,17933,Individual
17933TX0010006,2024-01-01,2024-12-31,57,Tobacco User/Non-Tobacco User,Rating Area 3,695.00,799.00,,,,,,,,17933,Individual
17933TX0010006,2024-01-01,2024-12-31,58,Tobacco User/Non-Tobacco User,Rating Area 3,727.00,836.00,,,,,,,,17933,Individual
17933TX0010006,2024-01-01,2024-12-31,59,Tobacco User/Non-Tobacco User,Rating Area 3,743.00,854.00,,,,,,,,17933,Individual
17933TX0010006,2024-01-01,2024-12-31,60,Tobacco User/Non-Tobacco User,Rating Area 3,774.00,890.00,,,,,,,,17933,Individual
17933TX0010006,2024-01-01,2024-12-31,61,Tobacco User/Non-Tobacco User,Rating Area 3,802.00,922.00,,,,,,,,17933,Individual
17933TX0010006,2024-01-01,2024-12-31,62,Tobacco User/Non-Tobacco User,Rating Area 3,820.00,943.00,,,,,,,,17933,Individual
17933TX0010006,2024-01-01,2024-12-31,63,Tobacco User/Non-Tobacco User,Rating Area 3,842.00,968.00,,,,,,,,17933,Individual
17933TX0010006,2024-01-01,2024-12-31,64 and over,Tobacco User/Non-Tobacco User,Rating Area 3,855.00,983.00,,,,,,,,17933,Individual
17933TX0010007,2024-01-01,2024-12-31,0-14,Tobacco User/Non-Tobacco User,Rating Area 3,217.00,217.00,,,,,,,,17933,Individual
17933TX0010007,2024-01-01,2024-12-31,15,Tobacco User/Non-Tobacco User,Rating Area 3,236.00,236.00,,,,,,,,17933,Individual
17933TX0010007,2024-01-01,2024-12-31,16,Tobacco User/Non-Tobacco User,Rating Area 3,244.00,244.00,,,,,,,,17933,Individual
17933TX0010007,2024-01-01,2024-12-31,17,Tobacco User/Non-Tobacco User,Rating Area 3,251.00,251.00,,,,,,,,17933,Individual
17933TX0010007,2024-01-01,2024-12-31,18,Tobacco User/Non-Tobacco User,Rating Area 3,259.00,259.00,,,,,,,,17933,Individual
17933TX0010007,2024-01-01,2024-12-31,19,Tobacco User/Non-Tobacco User,Rating Area 3,267.00,267.00,,,,,,,,17933,Individual
17933TX0010007,2024-01-01,2024-12-31,20,Tobacco User/Non-Tobacco User,Rating Area 3,275.00,275.00,,,,,,,,17933,Individual
17933TX0010007,2024-01-01,2024-12-31,21,Tobacco User/Non-Tobacco User,Rating Area 3,283.00,325.00,,,,,,,,17933,Individual
17933TX0010007,2024-01-01,2024-12-31,22,Tobacco User/Non-Tobacco User,Rating Area 3,283.00,325.00,,,,,,,,17933,Individual
17933TX0010007,2024-01-01,2024-12-31,23,Tobacco User/Non-Tobacco User,Rating Area 3,283.00,325.00,,,,,,,,17933,Individual
17933TX0010007,2024-01-01,2024-12-31,24,Tobacco User/Non-Tobacco User,Rating Area 3,283.00,325.00,,,,,,,,17933,Individual
17933TX0010007,2024-01-01,2024-12-31,25,Tobacco User/Non-Tobacco User,Rating Area 3,285.00,327.00,,,,,,,,17933,Individual
17933TX0010007,2024-01-01,2024-12-31,26,Tobacco User/Non-Tobacco User,Rating Area 3,290.00,333.00,,,,,,,,17933,Individual
17933TX0010007,2024-01-01,2024-12-31,27,Tobacco User/Non-Tobacco User,Rating Area 3,297.00,341.00,,,,,,,,17933,Individual
17933TX0010007,2024-01-01,2024-12-31,28,Tobacco User/Non-Tobacco User,Rating Area 3,308.00,354.00,,,,,,,,17933,Individual
17933TX0010007,2024-01-01,2024-12-31,29,Tobacco User/Non-Tobacco User,Rating Area 3,317.00,364.00,,,,,,,,17933,Individual
17933TX0010007,2024-01-01,2024-12-31,30,Tobacco User/Non-Tobacco User,Rating Area 3,322.00,370.00,,,,,,,,17933,Individual
17933TX0010007,2024-01-01,2024-12-31,31,Tobacco User/Non-Tobacco User,Rating Area 3,329.00,378.00,,,,,,,,17933,Individual
17933TX0010007,2024-01-01,2024-12-31,32,Tobacco User/Non-Tobacco User,Rating Area 3,335.00,385.00,,,,,,,,17933,Individual
17933TX0010007,2024-01-01,2024-12-31,33,Tobacco User/Non-Tobacco User,Rating Area 3,340.00,391.00,,,,,,,,17933,Individual
17933TX0010007,2024-01-01,2024-12-31,34,Tobacco User/Non-Tobacco User,Rating Area 3,344.00,395.00,,,,,,,,17933,Individual
17933TX0010007,2024-01-01,2024-12-31,35,Tobacco User/Non-Tobacco User,Rating Area 3,346.00,397.00,,,,,,,,17933,Individual
17933TX0010007,2024-01-01,2024-12-31,36,Tobacco User/Non-Tobacco User,Rating Area 3,349.00,401.00,,,,,,,,17933,Individual
17933TX0010007,2024-01-01,2024-12-31,37,Tobacco User/Non-Tobacco User,Rating Area 3,351.00,403.00,,,,,,,,17933,Individual
17933TX0010007,2024-01-01,2024-12-31,38,Tobacco User/Non-Tobacco User,Rating Area 3,353.00,405.00,,,,,,,,17933,Individual
17933TX0010007,2024-01-01,2024-12-31,39,Tobacco User/Non-Tobacco User,Rating Area 3,358.00,411.00,,,,,,,,17933,Individual
17933TX0010007,2024-01-01,2024-12-31,40,Tobacco User/Non-Tobacco User,Rating Area 3,362.00,416.00,,,,,,,,17933,Individual
17933TX0010007,2024-01-01,2024-12-31,41,Tobacco User/Non-Tobacco User,Rating Area 3,369.00,424.00,,,,,,,,17933,Individual
17933TX0010007,2024-01-01,2024-12-31,42,Tobacco User/Non-Tobacco User,Rating Area 3,376.00,432.00,,,,,,,,17933,Individual
17933TX0010007,2024-01-01,2024-12-31,43,Tobacco User/Non-Tobacco User,Rating Area 3,385.00,442.00,,,,,,,,17933,Individual
17933TX0010007,2024-01-01,2024-12-31,44,Tobacco User/Non-Tobacco User,Rating Area 3,396.00,455.00,,,,,,,,17933,Individual
17933TX0010007,2024-01-01,2024-12-31,45,Tobacco User/Non-Tobacco User,Rating Area 3,409.00,470.00,,,,,,,,17933,Individual
17933TX0010007,2024-01-01,2024-12-31,46,Tobacco User/Non-Tobacco User,Rating Area 3,425.00,488.00,,,,,,,,17933,Individual
17933TX0010007,2024-01-01,2024-12-31,47,Tobacco User/Non-Tobacco User,Rating Area 3,443.00,509.00,,,,,,,,17933,Individual
17933TX0010007,2024-01-01,2024-12-31,48,Tobacco User/Non-Tobacco User,Rating Area 3,463.00,532.00,,,,,,,,17933,Individual
17933TX0010007,2024-01-01,2024-12-31,49,Tobacco User/Non-Tobacco User,Rating Area 3,484.00,556.00,,,,,,,,17933,Individual
17933TX0010007,2024-01-01,2024-12-31,50,Tobacco User/Non-Tobacco User,Rating Area 3,506.00,581.00,,,,,,,,17933,Individual
17933TX0010007,2024-01-01,2024-12-31,51,Tobacco User/Non-Tobacco User,Rating Area 3,529.00,608.00,,,,,,,,17933,Individual
17933TX0010007,2024-01-01,2024-12-31,52,Tobacco User/Non-Tobacco User,Rating Area 3,553.00,635.00,,,,,,,,17933,Individual
17933TX0010007,2024-01-01,2024-12-31,53,Tobacco User/Non-Tobacco User,Rating Area 3,578.00,664.00,,,,,,,,17933,Individual
17933TX0010007,2024-01-01,2024-12-31,54,Tobacco User/Non-Tobacco User,Rating Area 3,605.00,695.00,,,,,,,,17933,Individual
17933TX0010007,2024-01-01,2024-12-31,55,Tobacco User/Non-Tobacco User,Rating Area 3,632.00,726.00,,,,,,,,17933,Individual
17933TX0010007,2024-01-01,2024-12-31,56,Tobacco User/Non-Tobacco User,Rating Area 3,661.00,760.00,,,,,,,,17933,Individual
17933TX0010007,2024-01-01,2024-12-31,57,Tobacco User/Non-Tobacco User,Rating Area 3,691.00,794.00,,,,,,,,17933,Individual
17933TX0010007,2024-01-01,2024-12-31,58,Tobacco User/Non-Tobacco User,Rating Area 3,722.00,830.00,,,,,,,,17933,Individual
17933TX0010007,2024-01-01,2024-12-31,59,Tobacco User/Non-Tobacco User,Rating Area 3,738.00,848.00,,,,,,,,17933,Individual
17933TX0010007,2024-01-01,2024-12-31,60,Tobacco User/Non-Tobacco User,Rating Area 3,769.00,884.00,,,,,,,,17933,Individual
17933TX0010007,2024-01-01,2024-12-31,61,Tobacco User/Non-Tobacco User,Rating Area 3,797.00,916.00,,,,,,,,17933,Individual
17933TX0010007,2024-01-01,2024-12-31,62,Tobacco User/Non-Tobacco User,Rating Area 3,814.00,936.00,,,,,,,,17933,Individual
17933TX0010007,2024-01-01,2024-12-31,63,Tobacco User/Non-Tobacco User,Rating Area 3,837.00,962.00,,,,,,,,17933,Individual
17933TX0010007,2024-01-01,2024-12-31,64 and over,Tobacco User/Non-Tobacco User,Rating Area 3,849.00,976.00,,,,,,,,17933,Individual
17933TX0010008,2024-01-01,2024-12-31,0-14,Tobacco User/Non-Tobacco User,Rating Area 3,344.00,344.00,,,,,,,,17933,Individual
17933TX0010008,2024-01-01,2024-12-31,15,Tobacco User/Non-Tobacco User,Rating Area 3,375.00,375.00,,,,,,,,17933,Individual
17933TX0010008,2024-01-01,2024-12-31,16,Tobacco User/Non-Tobacco User,Rating Area 3,386.00,386.00,,,,,,,,17933,Individual
17933TX0010008,2024-01-01,2024-12-31,17,Tobacco User/Non-Tobacco User,Rating Area 3,398.00,398.00,,,,,,,,17933,Individual
17933TX0010008,2024-01-01,2024-12-31,18,Tobacco User/Non-Tobacco User,Rating Area 3,411.00,411.00,,,,,,,,17933,Individual
17933TX0010008,2024-01-01,2024-12-31,19,Tobacco User/Non-Tobacco User,Rating Area 3,423.00,423.00,,,,,,,,17933,Individual
17933TX0010008,2024-01-01,2024-12-31,20,Tobacco User/Non-Tobacco User,Rating Area 3,436.00,436.00,,,,,,,,17933,Individual
17933TX0010008,2024-01-01,2024-12-31,21,Tobacco User/Non-Tobacco User,Rating Area 3,450.00,517.00,,,,,,,,17933,Individual
17933TX0010008,2024-01-01,2024-12-31,22,Tobacco User/Non-Tobacco User,Rating Area 3,450.00,517.00,,,,,,,,17933,Individual
17933TX0010008,2024-01-01,2024-12-31,23,Tobacco User/Non-Tobacco User,Rating Area 3,450.00,517.00,,,,,,,,17933,Individual
17933TX0010008,2024-01-01,2024-12-31,24,Tobacco User/Non-Tobacco User,Rating Area 3,450.00,517.00,,,,,,,,17933,Individual
17933TX0010008,2024-01-01,2024-12-31,25,Tobacco User/Non-Tobacco User,Rating Area 3,452.00,519.00,,,,,,,,17933,Individual
17933TX0010008,2024-01-01,2024-12-31,26,Tobacco User/Non-Tobacco User,Rating Area 3,461.00,530.00,,,,,,,,17933,Individual
17933TX0010008,2024-01-01,2024-12-31,27,Tobacco User/Non-Tobacco User,Rating Area 3,471.00,541.00,,,,,,,,17933,Individual
17933TX0010008,2024-01-01,2024-12-31,28,Tobacco User/Non-Tobacco User,Rating Area 3,489.00,562.00,,,,,,,,17933,Individual
17933TX0010008,2024-01-01,2024-12-31,29,Tobacco User/Non-Tobacco User,Rating Area 3,503.00,578.00,,,,,,,,17933,Individual
17933TX0010008,2024-01-01,2024-12-31,30,Tobacco User/Non-Tobacco User,Rating Area 3,510.00,586.00,,,,,,,,17933,Individual
17933TX0010008,2024-01-01,2024-12-31,31,Tobacco User/Non-Tobacco User,Rating Area 3,521.00,599.00,,,,,,,,17933,Individual
17933TX0010008,2024-01-01,2024-12-31,32,Tobacco User/Non-Tobacco User,Rating Area 3,532.00,611.00,,,,,,,,17933,Individual
17933TX0010008,2024-01-01,2024-12-31,33,Tobacco User/Non-Tobacco User,Rating Area 3,539.00,619.00,,,,,,,,17933,Individual
17933TX0010008,2024-01-01,2024-12-31,34,Tobacco User/Non-Tobacco User,Rating Area 3,546.00,627.00,,,,,,,,17933,Individual
17933TX0010008,2024-01-01,2024-12-31,35,Tobacco User/Non-Tobacco User,Rating Area 3,550.00,632.00,,,,,,,,17933,Individual
17933TX0010008,2024-01-01,2024-12-31,36,Tobacco User/Non-Tobacco User,Rating Area 3,553.00,635.00,,,,,,,,17933,Individual
17933TX0010008,2024-01-01,2024-12-31,37,Tobacco User/Non-Tobacco User,Rating Area 3,557.00,640.00,,,,,,,,17933,Individual
17933TX0010008,2024-01-01,2024-12-31,38,Tobacco User/Non-Tobacco User,Rating Area 3,560.00,644.00,,,,,,,,17933,Individual
17933TX0010008,2024-01-01,2024-12-31,39,Tobacco User/Non-Tobacco User,Rating Area 3,568.00,653.00,,,,,,,,17933,Individual
17933TX0010008,2024-01-01,2024-12-31,40,Tobacco User/Non-Tobacco User,Rating Area 3,575.00,661.00,,,,,,,,17933,Individual
17933TX0010008,2024-01-01,2024-12-31,41,Tobacco User/Non-Tobacco User,Rating Area 3,586.00,673.00,,,,,,,,17933,Individual
17933TX0010008,2024-01-01,2024-12-31,42,Tobacco User/Non-Tobacco User,Rating Area 3,596.00,685.00,,,,,,,,17933,Individual
17933TX0010008,2024-01-01,2024-12-31,43,Tobacco User/Non-Tobacco User,Rating Area 3,610.00,701.00,,,,,,,,17933,Individual
17933TX0010008,2024-01-01,2024-12-31,44,Tobacco User/Non-Tobacco User,Rating Area 3,628.00,722.00,,,,,,,,17933,Individual
17933TX0010008,2024-01-01,2024-12-31,45,Tobacco User/Non-Tobacco User,Rating Area 3,649.00,746.00,,,,,,,,17933,Individual
17933TX0010008,2024-01-01,2024-12-31,46,Tobacco User/Non-Tobacco User,Rating Area 3,675.00,776.00,,,,,,,,17933,Individual
17933TX0010008,2024-01-01,2024-12-31,47,Tobacco User/Non-Tobacco User,Rating Area 3,703.00,808.00,,,,,,,,17933,Individual
17933TX0010008,2024-01-01,2024-12-31,48,Tobacco User/Non-Tobacco User,Rating Area 3,735.00,845.00,,,,,,,,17933,Individual
17933TX0010008,2024-01-01,2024-12-31,49,Tobacco User/Non-Tobacco User,Rating Area 3,767.00,882.00,,,,,,,,17933,Individual
17933TX0010008,2024-01-01,2024-12-31,50,Tobacco User/Non-Tobacco User,Rating Area 3,803.00,923.00,,,,,,,,17933,Individual
17933TX0010008,2024-01-01,2024-12-31,51,Tobacco User/Non-Tobacco User,Rating Area 3,839.00,964.00,,,,,,,,17933,Individual
17933TX0010008,2024-01-01,2024-12-31,52,Tobacco User/Non-Tobacco User,Rating Area 3,878.00,1009.00,,,,,,,,17933,Individual
17933TX0010008,2024-01-01,2024-12-31,53,Tobacco User/Non-Tobacco User,Rating Area 3,917.00,1054.00,,,,,,,,17933,Individual
17933TX0010008,2024-01-01,2024-12-31,54,Tobacco User/Non-Tobacco User,Rating Area 3,960.00,1104.00,,,,,,,,17933,Individual
17933TX0010008,2024-01-01,2024-12-31,55,Tobacco User/Non-Tobacco User,Rating Area 3,1003.00,1153.00,,,,,,,,17933,Individual
17933TX0010008,2024-01-01,2024-12-31,56,Tobacco User/Non-Tobacco User,Rating Area 3,1049.00,1206.00,,,,,,,,17933,Individual
17933TX0010008,2024-01-01,2024-12-31,57,Tobacco User/Non-Tobacco User,Rating Area 3,1096.00,1260.00,,,,,,,,17933,Individual
17933TX0010008,2024-01-01,2024-12-31,58,Tobacco User/Non-Tobacco User,Rating Area 3,1146.00,1317.00,,,,,,,,17933,Individual
17933TX0010008,2024-01-01,2024-12-31,59,Tobacco User/Non-Tobacco User,Rating Area 3,1171.00,1346.00,,,,,,,,17933,Individual
17933TX0010008,2024-01-01,2024-12-31,60,Tobacco User/Non-Tobacco User,Rating Area 3,1221.00,1404.00,,,,,,,,17933,Individual
17933TX0010008,2024-01-01,2024-12-31,61,Tobacco User/Non-Tobacco User,Rating Area 3,1264.00,1453.00,,,,,,,,17933,Individual
17933TX0010008,2024-01-01,2024-12-31,62,Tobacco User/Non-Tobacco User,Rating Area 3,1292.00,1485.00,,,,,,,,17933,Individual
17933TX0010008,2024-01-01,2024-12-31,63,Tobacco User/Non-Tobacco User,Rating Area 3,1328.00,1527.00,,,,,,,,17933,Individual
17933TX0010008,2024-01-01,2024-12-31,64 and over,Tobacco User/Non-Tobacco User,Rating Area 3,1349.00,1551.00,,,,,,,,17933,Individual
17933TX0010009,2024-01-01,2024-12-31,0-14,Tobacco User/Non-Tobacco User,Rating Area 3,299.00,299.00,,,,,,,,17933,Individual
17933TX0010009,2024-01-01,2024-12-31,15,Tobacco User/Non-Tobacco User,Rating Area 3,325.00,325.00,,,,,,,,17933,Individual
17933TX0010009,2024-01-01,2024-12-31,16,Tobacco User/Non-Tobacco User,Rating Area 3,335.00,335.00,,,,,,,,17933,Individual
17933TX0010009,2024-01-01,2024-12-31,17,Tobacco User/Non-Tobacco User,Rating Area 3,346.00,346.00,,,,,,,,17933,Individual
17933TX0010009,2024-01-01,2024-12-31,18,Tobacco User/Non-Tobacco User,Rating Area 3,357.00,357.00,,,,,,,,17933,Individual
17933TX0010009,2024-01-01,2024-12-31,19,Tobacco User/Non-Tobacco User,Rating Area 3,367.00,367.00,,,,,,,,17933,Individual
17933TX0010009,2024-01-01,2024-12-31,20,Tobacco User/Non-Tobacco User,Rating Area 3,379.00,379.00,,,,,,,,17933,Individual
17933TX0010009,2024-01-01,2024-12-31,21,Tobacco User/Non-Tobacco User,Rating Area 3,391.00,449.00,,,,,,,,17933,Individual
17933TX0010009,2024-01-01,2024-12-31,22,Tobacco User/Non-Tobacco User,Rating Area 3,391.00,449.00,,,,,,,,17933,Individual
17933TX0010009,2024-01-01,2024-12-31,23,Tobacco User/Non-Tobacco User,Rating Area 3,391.00,449.00,,,,,,,,17933,Individual
17933TX0010009,2024-01-01,2024-12-31,24,Tobacco User/Non-Tobacco User,Rating Area 3,391.00,449.00,,,,,,,,17933,Individual
17933TX0010009,2024-01-01,2024-12-31,25,Tobacco User/Non-Tobacco User,Rating Area 3,392.00,450.00,,,,,,,,17933,Individual
17933TX0010009,2024-01-01,2024-12-31,26,Tobacco User/Non-Tobacco User,Rating Area 3,400.00,460.00,,,,,,,,17933,Individual
17933TX0010009,2024-01-01,2024-12-31,27,Tobacco User/Non-Tobacco User,Rating Area 3,409.00,470.00,,,,,,,,17933,Individual
17933TX0010009,2024-01-01,2024-12-31,28,Tobacco User/Non-Tobacco User,Rating Area 3,424.00,487.00,,,,,,,,17933,Individual
17933TX0010009,2024-01-01,2024-12-31,29,Tobacco User/Non-Tobacco User,Rating Area 3,437.00,502.00,,,,,,,,17933,Individual
17933TX0010009,2024-01-01,2024-12-31,30,Tobacco User/Non-Tobacco User,Rating Area 3,443.00,509.00,,,,,,,,17933,Individual
17933TX0010009,2024-01-01,2024-12-31,31,Tobacco User/Non-Tobacco User,Rating Area 3,453.00,520.00,,,,,,,,17933,Individual
17933TX0010009,2024-01-01,2024-12-31,32,Tobacco User/Non-Tobacco User,Rating Area 3,462.00,531.00,,,,,,,,17933,Individual
17933TX0010009,2024-01-01,2024-12-31,33,Tobacco User/Non-Tobacco User,Rating Area 3,468.00,538.00,,,,,,,,17933,Individual
17933TX0010009,2024-01-01,2024-12-31,34,Tobacco User/Non-Tobacco User,Rating Area 3,474.00,545.00,,,,,,,,17933,Individual
17933TX0010009,2024-01-01,2024-12-31,35,Tobacco User/Non-Tobacco User,Rating Area 3,477.00,548.00,,,,,,,,17933,Individual
17933TX0010009,2024-01-01,2024-12-31,36,Tobacco User/Non-Tobacco User,Rating Area 3,480.00,552.00,,,,,,,,17933,Individual
17933TX0010009,2024-01-01,2024-12-31,37,Tobacco User/Non-Tobacco User,Rating Area 3,483.00,555.00,,,,,,,,17933,Individual
17933TX0010009,2024-01-01,2024-12-31,38,Tobacco User/Non-Tobacco User,Rating Area 3,487.00,560.00,,,,,,,,17933,Individual
17933TX0010009,2024-01-01,2024-12-31,39,Tobacco User/Non-Tobacco User,Rating Area 3,493.00,566.00,,,,,,,,17933,Individual
17933TX0010009,2024-01-01,2024-12-31,40,Tobacco User/Non-Tobacco User,Rating Area 3,499.00,573.00,,,,,,,,17933,Individual
17933TX0010009,2024-01-01,2024-12-31,41,Tobacco User/Non-Tobacco User,Rating Area 3,508.00,584.00,,,,,,,,17933,Individual
17933TX0010009,2024-01-01,2024-12-31,42,Tobacco User/Non-Tobacco User,Rating Area 3,517.00,594.00,,,,,,,,17933,Individual
17933TX0010009,2024-01-01,2024-12-31,43,Tobacco User/Non-Tobacco User,Rating Area 3,530.00,609.00,,,,,,,,17933,Individual
17933TX0010009,2024-01-01,2024-12-31,44,Tobacco User/Non-Tobacco User,Rating Area 3,546.00,627.00,,,,,,,,17933,Individual
17933TX0010009,2024-01-01,2024-12-31,45,Tobacco User/Non-Tobacco User,Rating Area 3,564.00,648.00,,,,,,,,17933,Individual
17933TX0010009,2024-01-01,2024-12-31,46,Tobacco User/Non-Tobacco User,Rating Area 3,586.00,673.00,,,,,,,,17933,Individual
17933TX0010009,2024-01-01,2024-12-31,47,Tobacco User/Non-Tobacco User,Rating Area 3,610.00,701.00,,,,,,,,17933,Individual
17933TX0010009,2024-01-01,2024-12-31,48,Tobacco User/Non-Tobacco User,Rating Area 3,639.00,734.00,,,,,,,,17933,Individual
17933TX0010009,2024-01-01,2024-12-31,49,Tobacco User/Non-Tobacco User,Rating Area 3,666.00,765.00,,,,,,,,17933,Individual
17933TX0010009,2024-01-01,2024-12-31,50,Tobacco User/Non-Tobacco User,Rating Area 3,697.00,801.00,,,,,,,,17933,Individual
17933TX0010009,2024-01-01,2024-12-31,51,Tobacco User/Non-Tobacco User,Rating Area 3,728.00,837.00,,,,,,,,17933,Individual
17933TX0010009,2024-01-01,2024-12-31,52,Tobacco User/Non-Tobacco User,Rating Area 3,762.00,876.00,,,,,,,,17933,Individual
17933TX0010009,2024-01-01,2024-12-31,53,Tobacco User/Non-Tobacco User,Rating Area 3,797.00,916.00,,,,,,,,17933,Individual
17933TX0010009,2024-01-01,2024-12-31,54,Tobacco User/Non-Tobacco User,Rating Area 3,834.00,959.00,,,,,,,,17933,Individual
17933TX0010009,2024-01-01,2024-12-31,55,Tobacco User/Non-Tobacco User,Rating Area 3,871.00,1001.00,,,,,,,,17933,Individual
17933TX0010009,2024-01-01,2024-12-31,56,Tobacco User/Non-Tobacco User,Rating Area 3,911.00,1047.00,,,,,,,,17933,Individual
17933TX0010009,2024-01-01,2024-12-31,57,Tobacco User/Non-Tobacco User,Rating Area 3,952.00,1094.00,,,,,,,,17933,Individual
17933TX0010009,2024-01-01,2024-12-31,58,Tobacco User/Non-Tobacco User,Rating Area 3,995.00,1144.00,,,,,,,,17933,Individual
17933TX0010009,2024-01-01,2024-12-31,59,Tobacco User/Non-Tobacco User,Rating Area 3,1017.00,1169.00,,,,,,,,17933,Individual
17933TX0010009,2024-01-01,2024-12-31,60,Tobacco User/Non-Tobacco User,Rating Area 3,1060.00,1219.00,,,,,,,,17933,Individual
17933TX0010009,2024-01-01,2024-12-31,61,Tobacco User/Non-Tobacco User,Rating Area 3,1097.00,1261.00,,,,,,,,17933,Individual
17933TX0010009,2024-01-01,2024-12-31,62,Tobacco User/Non-Tobacco User,Rating Area 3,1122.00,1290.00,,,,,,,,17933,Individual
17933TX0010009,2024-01-01,2024-12-31,63,Tobacco User/Non-Tobacco User,Rating Area 3,1153.00,1325.00,,,,,,,,17933,Individual
17933TX0010009,2024-01-01,2024-12-31,64 and over,Tobacco User/Non-Tobacco User,Rating Area 3,1172.00,1347.00,,,,,,,,17933,Individual
17933TX0010010,2024-01-01,2024-12-31,0-14,Tobacco User/Non-Tobacco User,Rating Area 3,215.00,215.00,,,,,,,,17933,Individual
17933TX0010010,2024-01-01,2024-12-31,15,Tobacco User/Non-Tobacco User,Rating Area 3,235.00,235.00,,,,,,,,17933,Individual
17933TX0010010,2024-01-01,2024-12-31,16,Tobacco User/Non-Tobacco User,Rating Area 3,242.00,242.00,,,,,,,,17933,Individual
17933TX0010010,2024-01-01,2024-12-31,17,Tobacco User/Non-Tobacco User,Rating Area 3,249.00,249.00,,,,,,,,17933,Individual
17933TX0010010,2024-01-01,2024-12-31,18,Tobacco User/Non-Tobacco User,Rating Area 3,257.00,257.00,,,,,,,,17933,Individual
17933TX0010010,2024-01-01,2024-12-31,19,Tobacco User/Non-Tobacco User,Rating Area 3,265.00,265.00,,,,,,,,17933,Individual
17933TX0010010,2024-01-01,2024-12-31,20,Tobacco User/Non-Tobacco User,Rating Area 3,273.00,273.00,,,,,,,,17933,Individual
17933TX0010010,2024-01-01,2024-12-31,21,Tobacco User/Non-Tobacco User,Rating Area 3,282.00,324.00,,,,,,,,17933,Individual
17933TX0010010,2024-01-01,2024-12-31,22,Tobacco User/Non-Tobacco User,Rating Area 3,282.00,324.00,,,,,,,,17933,Individual
17933TX0010010,2024-01-01,2024-12-31,23,Tobacco User/Non-Tobacco User,Rating Area 3,282.00,324.00,,,,,,,,17933,Individual
17933TX0010010,2024-01-01,2024-12-31,24,Tobacco User/Non-Tobacco User,Rating Area 3,282.00,324.00,,,,,,,,17933,Individual
17933TX0010010,2024-01-01,2024-12-31,25,Tobacco User/Non-Tobacco User,Rating Area 3,283.00,325.00,,,,,,,,17933,Individual
17933TX0010010,2024-01-01,2024-12-31,26,Tobacco User/Non-Tobacco User,Rating Area 3,288.00,331.00,,,,,,,,17933,Individual
17933TX0010010,2024-01-01,2024-12-31,27,Tobacco User/Non-Tobacco User,Rating Area 3,295.00,339.00,,,,,,,,17933,Individual
17933TX0010010,2024-01-01,2024-12-31,28,Tobacco User/Non-Tobacco User,Rating Area 3,306.00,351.00,,,,,,,,17933,Individual
17933TX0010010,2024-01-01,2024-12-31,29,Tobacco User/Non-Tobacco User,Rating Area 3,315.00,362.00,,,,,,,,17933,Individual
17933TX0010010,2024-01-01,2024-12-31,30,Tobacco User/Non-Tobacco User,Rating Area 3,320.00,368.00,,,,,,,,17933,Individual
17933TX0010010,2024-01-01,2024-12-31,31,Tobacco User/Non-Tobacco User,Rating Area 3,326.00,374.00,,,,,,,,17933,Individual
17933TX0010010,2024-01-01,2024-12-31,32,Tobacco User/Non-Tobacco User,Rating Area 3,333.00,382.00,,,,,,,,17933,Individual
17933TX0010010,2024-01-01,2024-12-31,33,Tobacco User/Non-Tobacco User,Rating Area 3,337.00,387.00,,,,,,,,17933,Individual
17933TX0010010,2024-01-01,2024-12-31,34,Tobacco User/Non-Tobacco User,Rating Area 3,342.00,393.00,,,,,,,,17933,Individual
17933TX0010010,2024-01-01,2024-12-31,35,Tobacco User/Non-Tobacco User,Rating Area 3,344.00,395.00,,,,,,,,17933,Individual
17933TX0010010,2024-01-01,2024-12-31,36,Tobacco User/Non-Tobacco User,Rating Area 3,346.00,397.00,,,,,,,,17933,Individual
17933TX0010010,2024-01-01,2024-12-31,37,Tobacco User/Non-Tobacco User,Rating Area 3,349.00,401.00,,,,,,,,17933,Individual
17933TX0010010,2024-01-01,2024-12-31,38,Tobacco User/Non-Tobacco User,Rating Area 3,351.00,403.00,,,,,,,,17933,Individual
17933TX0010010,2024-01-01,2024-12-31,39,Tobacco User/Non-Tobacco User,Rating Area 3,355.00,408.00,,,,,,,,17933,Individual
17933TX0010010,2024-01-01,2024-12-31,40,Tobacco User/Non-Tobacco User,Rating Area 3,360.00,414.00,,,,,,,,17933,Individual
17933TX0010010,2024-01-01,2024-12-31,41,Tobacco User/Non-Tobacco User,Rating Area 3,367.00,422.00,,,,,,,,17933,Individual
17933TX0010010,2024-01-01,2024-12-31,42,Tobacco User/Non-Tobacco User,Rating Area 3,373.00,428.00,,,,,,,,17933,Individual
17933TX0010010,2024-01-01,2024-12-31,43,Tobacco User/Non-Tobacco User,Rating Area 3,382.00,439.00,,,,,,,,17933,Individual
17933TX0010010,2024-01-01,2024-12-31,44,Tobacco User/Non-Tobacco User,Rating Area 3,393.00,451.00,,,,,,,,17933,Individual
17933TX0010010,2024-01-01,2024-12-31,45,Tobacco User/Non-Tobacco User,Rating Area 3,407.00,468.00,,,,,,,,17933,Individual
17933TX0010010,2024-01-01,2024-12-31,46,Tobacco User/Non-Tobacco User,Rating Area 3,422.00,485.00,,,,,,,,17933,Individual
17933TX0010010,2024-01-01,2024-12-31,47,Tobacco User/Non-Tobacco User,Rating Area 3,440.00,506.00,,,,,,,,17933,Individual
17933TX0010010,2024-01-01,2024-12-31,48,Tobacco User/Non-Tobacco User,Rating Area 3,460.00,529.00,,,,,,,,17933,Individual
17933TX0010010,2024-01-01,2024-12-31,49,Tobacco User/Non-Tobacco User,Rating Area 3,480.00,552.00,,,,,,,,17933,Individual
17933TX0010010,2024-01-01,2024-12-31,50,Tobacco User/Non-Tobacco User,Rating Area 3,503.00,578.00,,,,,,,,17933,Individual
17933TX0010010,2024-01-01,2024-12-31,51,Tobacco User/Non-Tobacco User,Rating Area 3,525.00,603.00,,,,,,,,17933,Individual
17933TX0010010,2024-01-01,2024-12-31,52,Tobacco User/Non-Tobacco User,Rating Area 3,550.00,632.00,,,,,,,,17933,Individual
17933TX0010010,2024-01-01,2024-12-31,53,Tobacco User/Non-Tobacco User,Rating Area 3,575.00,661.00,,,,,,,,17933,Individual
17933TX0010010,2024-01-01,2024-12-31,54,Tobacco User/Non-Tobacco User,Rating Area 3,601.00,691.00,,,,,,,,17933,Individual
17933TX0010010,2024-01-01,2024-12-31,55,Tobacco User/Non-Tobacco User,Rating Area 3,628.00,722.00,,,,,,,,17933,Individual
17933TX0010010,2024-01-01,2024-12-31,56,Tobacco User/Non-Tobacco User,Rating Area 3,657.00,755.00,,,,,,,,17933,Individual
17933TX0010010,2024-01-01,2024-12-31,57,Tobacco User/Non-Tobacco User,Rating Area 3,686.00,788.00,,,,,,,,17933,Individual
17933TX0010010,2024-01-01,2024-12-31,58,Tobacco User/Non-Tobacco User,Rating Area 3,718.00,825.00,,,,,,,,17933,Individual
17933TX0010010,2024-01-01,2024-12-31,59,Tobacco User/Non-Tobacco User,Rating Area 3,733.00,842.00,,,,,,,,17933,Individual
17933TX0010010,2024-01-01,2024-12-31,60,Tobacco User/Non-Tobacco User,Rating Area 3,764.00,878.00,,,,,,,,17933,Individual
17933TX0010010,2024-01-01,2024-12-31,61,Tobacco User/Non-Tobacco User,Rating Area 3,791.00,909.00,,,,,,,,17933,Individual
17933TX0010010,2024-01-01,2024-12-31,62,Tobacco User/Non-Tobacco User,Rating Area 3,809.00,930.00,,,,,,,,17933,Individual
17933TX0010010,2024-01-01,2024-12-31,63,Tobacco User/Non-Tobacco User,Rating Area 3,831.00,955.00,,,,,,,,17933,Individual
17933TX0010010,2024-01-01,2024-12-31,64 and over,Tobacco User/Non-Tobacco User,Rating Area 3,845.00,971.00,,,,,,,,17933,Individual
